{"status":"OK","type":"InsetDynamic","platforms":["desktop","mobile"],"serverside":{"data":{"data":{"version":"3.0.0","maxWidth":1000,"minWidth":300,"boards":[{"artboardId":"g-detail-_1000px","artboardSize":"1000px","htmlBlock":"<div id=\"g-detail-_1000px\" class=\"g-artboard\" style=\"width:1000px; height:600px;\" data-aspect-ratio=\"1.667\" data-min-width=\"1000\">\n<div style=\"\"></div>\n\t\t<img id=\"g-detail-_1000px-img\" class=\"g-detail-_1000px-img g-aiImg\" alt=\"\" data-src=\"detail-_1000px.jpg\" src=\"data:image/gif;base64,R0lGODlhCgAKAIAAAB8fHwAAACH5BAEAAAAALAAAAAAKAAoAAAIIhI+py+0PYysAOw==\" />\n\t\t<div id=\"g-ai4-1\" class=\"g-GFX g-aiAbs g-aiPointText\" style=\"top:1.674%;margin-top:-12px;left:38.7135%;width:107px;\">\n\t\t\t<p class=\"g-pstyle0\">March 2025</p>\n\t\t</div>\n\t\t<div id=\"g-ai4-2\" class=\"g-GFX g-aiAbs g-aiPointText\" style=\"top:7.174%;margin-top:-12px;left:-0.0206%;width:56px;\">\n\t\t\t<p class=\"g-pstyle1\">6.0%</p>\n\t\t</div>\n\t\t<div id=\"g-ai4-3\" class=\"g-GFX g-aiAbs g-aiPointText\" style=\"top:14.3407%;margin-top:-12px;left:1.0368%;width:44px;\">\n\t\t\t<p class=\"g-pstyle1\">5.5</p>\n\t\t</div>\n\t\t<div id=\"g-ai4-4\" class=\"g-GFX g-aiAbs g-aiPointText\" style=\"top:21.5074%;margin-top:-12px;left:1.0368%;width:44px;\">\n\t\t\t<p class=\"g-pstyle1\">5.0</p>\n\t\t</div>\n\t\t<div id=\"g-ai4-5\" class=\"g-GFX g-aiAbs g-aiPointText\" style=\"top:26.0073%;margin-top:-12px;left:49.2155%;width:62px;\">\n\t\t\t<p class=\"g-pstyle2\">2025</p>\n\t\t</div>\n\t\t<div id=\"g-ai4-6\" class=\"g-GFX g-aiAbs g-aiPointText\" style=\"top:28.674%;margin-top:-12px;left:1.0368%;width:44px;\">\n\t\t\t<p class=\"g-pstyle1\">4.5</p>\n\t\t</div>\n\t\t<div id=\"g-ai4-7\" class=\"g-GFX g-aiAbs g-aiPointText\" style=\"top:35.8407%;margin-top:-12px;left:1.0368%;width:44px;\">\n\t\t\t<p class=\"g-pstyle1\">4.0</p>\n\t\t</div>\n\t\t<div id=\"g-ai4-8\" class=\"g-GFX g-aiAbs g-aiPointText\" style=\"top:43.0073%;margin-top:-12px;left:1.0368%;width:44px;\">\n\t\t\t<p class=\"g-pstyle1\">3.5</p>\n\t\t</div>\n\t\t<div id=\"g-ai4-9\" class=\"g-GFX g-aiAbs g-aiPointText\" style=\"top:50.174%;margin-top:-12px;left:1.0368%;width:44px;\">\n\t\t\t<p class=\"g-pstyle1\">3.0</p>\n\t\t</div>\n\t\t<div id=\"g-ai4-10\" class=\"g-GFX g-aiAbs g-aiPointText\" style=\"top:57.3407%;margin-top:-12px;left:1.0368%;width:44px;\">\n\t\t\t<p class=\"g-pstyle1\">2.5</p>\n\t\t</div>\n\t\t<div id=\"g-ai4-11\" class=\"g-GFX g-aiAbs g-aiPointText\" style=\"top:64.5073%;margin-top:-12px;left:1.0368%;width:44px;\">\n\t\t\t<p class=\"g-pstyle1\">2.0</p>\n\t\t</div>\n\t\t<div id=\"g-ai4-12\" class=\"g-GFX g-aiAbs g-aiPointText\" style=\"top:71.674%;margin-top:-12px;left:1.0368%;width:44px;\">\n\t\t\t<p class=\"g-pstyle1\">1.5</p>\n\t\t</div>\n\t\t<div id=\"g-ai4-13\" class=\"g-GFX g-aiAbs g-aiPointText\" style=\"top:78.674%;margin-top:-12px;left:1.0368%;width:44px;\">\n\t\t\t<p class=\"g-pstyle1\">1.0</p>\n\t\t</div>\n\t\t<div id=\"g-ai4-14\" class=\"g-GFX g-aiAbs g-aiPointText\" style=\"top:85.8407%;margin-top:-12px;left:1.0368%;width:44px;\">\n\t\t\t<p class=\"g-pstyle1\">0.5</p>\n\t\t</div>\n\t\t<div id=\"g-ai4-15\" class=\"g-GFX g-aiAbs g-aiPointText\" style=\"top:93.0073%;margin-top:-12px;left:1.0368%;width:44px;\">\n\t\t\t<p class=\"g-pstyle1\">0.0</p>\n\t\t</div>\n\t\t<div id=\"g-ai4-16\" class=\"g-GFX g-aiAbs g-aiPointText\" style=\"top:97.5073%;margin-top:-12px;left:8.0619%;width:59px;\">\n\t\t\t<p class=\"g-pstyle1\">2022</p>\n\t\t</div>\n\t\t<div id=\"g-ai4-17\" class=\"g-GFX g-aiAbs g-aiPointText\" style=\"top:97.5073%;margin-top:-12px;left:17.6686%;width:59px;\">\n\t\t\t<p class=\"g-pstyle1\">2023</p>\n\t\t</div>\n\t\t<div id=\"g-ai4-18\" class=\"g-GFX g-aiAbs g-aiPointText\" style=\"top:97.5073%;margin-top:-12px;left:27.2753%;width:59px;\">\n\t\t\t<p class=\"g-pstyle1\">2024</p>\n\t\t</div>\n\t\t<div id=\"g-ai4-19\" class=\"g-GFX g-aiAbs g-aiPointText\" style=\"top:97.5073%;margin-top:-12px;left:36.9082%;width:59px;\">\n\t\t\t<p class=\"g-pstyle1\">2025</p>\n\t\t</div>\n\t</div>","rawAttributes":{"id":"g-detail-_1000px","class":"g-artboard","style":"width:1000px; height:600px;","data-aspect-ratio":"1.667","data-min-width":"1000"},"backgroundImage":"detail-_1000px.jpg"},{"artboardId":"g-detail-_620px","artboardSize":"620px","htmlBlock":"<div id=\"g-detail-_620px\" class=\"g-artboard\" style=\"width:620px; height:378.576310796634px;\" data-aspect-ratio=\"1.638\" data-min-width=\"620\" data-max-width=\"999\">\n<div style=\"\"></div>\n\t\t<img id=\"g-detail-_620px-img\" class=\"g-detail-_620px-img g-aiImg\" alt=\"\" data-src=\"detail-_620px.jpg\" src=\"data:image/gif;base64,R0lGODlhCgAKAIAAAB8fHwAAACH5BAEAAAAALAAAAAAKAAoAAAIIhI+py+0PYysAOw==\" />\n\t\t<div id=\"g-ai3-1\" class=\"g-GFX g-aiAbs g-aiPointText\" style=\"top:1.9748%;margin-top:-7.5px;left:37.0108%;width:97px;\">\n\t\t\t<p class=\"g-pstyle0\">March 2025</p>\n\t\t</div>\n\t\t<div id=\"g-ai3-2\" class=\"g-GFX g-aiAbs g-aiPointText\" style=\"top:7.5219%;margin-top:-7.5px;left:-0.0664%;width:52px;\">\n\t\t\t<p class=\"g-pstyle1\">6.0%</p>\n\t\t</div>\n\t\t<div id=\"g-ai3-3\" class=\"g-GFX g-aiAbs g-aiPointText\" style=\"top:14.3897%;margin-top:-7.5px;left:0.9922%;width:41px;\">\n\t\t\t<p class=\"g-pstyle1\">5.5</p>\n\t\t</div>\n\t\t<div id=\"g-ai3-4\" class=\"g-GFX g-aiAbs g-aiPointText\" style=\"top:21.5217%;margin-top:-7.5px;left:0.9922%;width:41px;\">\n\t\t\t<p class=\"g-pstyle1\">5.0</p>\n\t\t</div>\n\t\t<div id=\"g-ai3-5\" class=\"g-GFX g-aiAbs g-aiPointText\" style=\"top:26.0122%;margin-top:-7.5px;left:48.326%;width:57px;\">\n\t\t\t<p class=\"g-pstyle2\">2025</p>\n\t\t</div>\n\t\t<div id=\"g-ai3-6\" class=\"g-GFX g-aiAbs g-aiPointText\" style=\"top:28.6537%;margin-top:-7.5px;left:0.9922%;width:41px;\">\n\t\t\t<p class=\"g-pstyle1\">4.5</p>\n\t\t</div>\n\t\t<div id=\"g-ai3-7\" class=\"g-GFX g-aiAbs g-aiPointText\" style=\"top:35.5215%;margin-top:-7.5px;left:0.9922%;width:41px;\">\n\t\t\t<p class=\"g-pstyle1\">4.0</p>\n\t\t</div>\n\t\t<div id=\"g-ai3-8\" class=\"g-GFX g-aiAbs g-aiPointText\" style=\"top:42.6535%;margin-top:-7.5px;left:0.9922%;width:41px;\">\n\t\t\t<p class=\"g-pstyle1\">3.5</p>\n\t\t</div>\n\t\t<div id=\"g-ai3-9\" class=\"g-GFX g-aiAbs g-aiPointText\" style=\"top:49.7855%;margin-top:-7.5px;left:0.9922%;width:41px;\">\n\t\t\t<p class=\"g-pstyle1\">3.0</p>\n\t\t</div>\n\t\t<div id=\"g-ai3-10\" class=\"g-GFX g-aiAbs g-aiPointText\" style=\"top:56.6533%;margin-top:-7.5px;left:0.9922%;width:41px;\">\n\t\t\t<p class=\"g-pstyle1\">2.5</p>\n\t\t</div>\n\t\t<div id=\"g-ai3-11\" class=\"g-GFX g-aiAbs g-aiPointText\" style=\"top:63.7853%;margin-top:-7.5px;left:0.9922%;width:41px;\">\n\t\t\t<p class=\"g-pstyle1\">2.0</p>\n\t\t</div>\n\t\t<div id=\"g-ai3-12\" class=\"g-GFX g-aiAbs g-aiPointText\" style=\"top:70.9173%;margin-top:-7.5px;left:0.9922%;width:41px;\">\n\t\t\t<p class=\"g-pstyle1\">1.5</p>\n\t\t</div>\n\t\t<div id=\"g-ai3-13\" class=\"g-GFX g-aiAbs g-aiPointText\" style=\"top:77.7851%;margin-top:-7.5px;left:0.9922%;width:41px;\">\n\t\t\t<p class=\"g-pstyle1\">1.0</p>\n\t\t</div>\n\t\t<div id=\"g-ai3-14\" class=\"g-GFX g-aiAbs g-aiPointText\" style=\"top:84.9171%;margin-top:-7.5px;left:0.9922%;width:41px;\">\n\t\t\t<p class=\"g-pstyle1\">0.5</p>\n\t\t</div>\n\t\t<div id=\"g-ai3-15\" class=\"g-GFX g-aiAbs g-aiPointText\" style=\"top:92.0491%;margin-top:-7.5px;left:0.9922%;width:41px;\">\n\t\t\t<p class=\"g-pstyle1\">0.0</p>\n\t\t</div>\n\t\t<div id=\"g-ai3-16\" class=\"g-GFX g-aiAbs g-aiPointText\" style=\"top:97.8603%;margin-top:-7.5px;left:7.3039%;width:54px;\">\n\t\t\t<p class=\"g-pstyle1\">2022</p>\n\t\t</div>\n\t\t<div id=\"g-ai3-17\" class=\"g-GFX g-aiAbs g-aiPointText\" style=\"top:97.8603%;margin-top:-7.5px;left:16.922%;width:54px;\">\n\t\t\t<p class=\"g-pstyle1\">2023</p>\n\t\t</div>\n\t\t<div id=\"g-ai3-18\" class=\"g-GFX g-aiAbs g-aiPointText\" style=\"top:97.8603%;margin-top:-7.5px;left:26.5398%;width:54px;\">\n\t\t\t<p class=\"g-pstyle1\">2024</p>\n\t\t</div>\n\t\t<div id=\"g-ai3-19\" class=\"g-GFX g-aiAbs g-aiPointText\" style=\"top:97.8603%;margin-top:-7.5px;left:36.184%;width:54px;\">\n\t\t\t<p class=\"g-pstyle1\">2025</p>\n\t\t</div>\n\t</div>","rawAttributes":{"id":"g-detail-_620px","class":"g-artboard","style":"width:620px; height:378.576310796634px;","data-aspect-ratio":"1.638","data-min-width":"620","data-max-width":"999"},"backgroundImage":"detail-_620px.jpg"},{"artboardId":"g-detail-_355px","artboardSize":"355px","htmlBlock":"<div id=\"g-detail-_355px\" class=\"g-artboard\" style=\"width:355px; height:376.751239129053px;\" data-aspect-ratio=\"0.942\" data-min-width=\"355\" data-max-width=\"619\">\n<div style=\"\"></div>\n\t\t<img id=\"g-detail-_355px-img\" class=\"g-detail-_355px-img g-aiImg\" alt=\"\" data-src=\"detail-_355px.jpg\" src=\"data:image/gif;base64,R0lGODlhCgAKAIAAAB8fHwAAACH5BAEAAAAALAAAAAAKAAoAAAIIhI+py+0PYysAOw==\" />\n\t\t<div id=\"g-ai2-1\" class=\"g-GFX g-aiAbs g-aiPointText\" style=\"top:1.9844%;margin-top:-7.5px;left:27.4029%;width:97px;\">\n\t\t\t<p class=\"g-pstyle0\">March 2025</p>\n\t\t</div>\n\t\t<div id=\"g-ai2-2\" class=\"g-GFX g-aiAbs g-aiPointText\" style=\"top:7.5493%;margin-top:-7.4px;left:0.0245%;width:50px;\">\n\t\t\t<p class=\"g-pstyle1\">6.0%</p>\n\t\t</div>\n\t\t<div id=\"g-ai2-3\" class=\"g-GFX g-aiAbs g-aiPointText\" style=\"top:14.7158%;margin-top:-7.4px;left:1.266%;width:40px;\">\n\t\t\t<p class=\"g-pstyle1\">5.5</p>\n\t\t</div>\n\t\t<div id=\"g-ai2-4\" class=\"g-GFX g-aiAbs g-aiPointText\" style=\"top:21.8823%;margin-top:-7.4px;left:1.266%;width:40px;\">\n\t\t\t<p class=\"g-pstyle1\">5.0</p>\n\t\t</div>\n\t\t<div id=\"g-ai2-5\" class=\"g-GFX g-aiAbs g-aiPointText\" style=\"top:26.4036%;margin-top:-7.5px;left:41.48%;width:57px;\">\n\t\t\t<p class=\"g-pstyle2\">2025</p>\n\t\t</div>\n\t\t<div id=\"g-ai2-6\" class=\"g-GFX g-aiAbs g-aiPointText\" style=\"top:28.7834%;margin-top:-7.4px;left:1.266%;width:40px;\">\n\t\t\t<p class=\"g-pstyle1\">4.5</p>\n\t\t</div>\n\t\t<div id=\"g-ai2-7\" class=\"g-GFX g-aiAbs g-aiPointText\" style=\"top:35.95%;margin-top:-7.4px;left:1.266%;width:40px;\">\n\t\t\t<p class=\"g-pstyle1\">4.0</p>\n\t\t</div>\n\t\t<div id=\"g-ai2-8\" class=\"g-GFX g-aiAbs g-aiPointText\" style=\"top:43.1165%;margin-top:-7.4px;left:1.266%;width:40px;\">\n\t\t\t<p class=\"g-pstyle1\">3.5</p>\n\t\t</div>\n\t\t<div id=\"g-ai2-9\" class=\"g-GFX g-aiAbs g-aiPointText\" style=\"top:50.0176%;margin-top:-7.4px;left:1.266%;width:40px;\">\n\t\t\t<p class=\"g-pstyle1\">3.0</p>\n\t\t</div>\n\t\t<div id=\"g-ai2-10\" class=\"g-GFX g-aiAbs g-aiPointText\" style=\"top:57.1841%;margin-top:-7.4px;left:1.266%;width:40px;\">\n\t\t\t<p class=\"g-pstyle1\">2.5</p>\n\t\t</div>\n\t\t<div id=\"g-ai2-11\" class=\"g-GFX g-aiAbs g-aiPointText\" style=\"top:64.3507%;margin-top:-7.4px;left:1.266%;width:40px;\">\n\t\t\t<p class=\"g-pstyle1\">2.0</p>\n\t\t</div>\n\t\t<div id=\"g-ai2-12\" class=\"g-GFX g-aiAbs g-aiPointText\" style=\"top:71.2518%;margin-top:-7.4px;left:1.266%;width:40px;\">\n\t\t\t<p class=\"g-pstyle1\">1.5</p>\n\t\t</div>\n\t\t<div id=\"g-ai2-13\" class=\"g-GFX g-aiAbs g-aiPointText\" style=\"top:78.4183%;margin-top:-7.4px;left:1.266%;width:40px;\">\n\t\t\t<p class=\"g-pstyle1\">1.0</p>\n\t\t</div>\n\t\t<div id=\"g-ai2-14\" class=\"g-GFX g-aiAbs g-aiPointText\" style=\"top:85.5848%;margin-top:-7.4px;left:1.266%;width:40px;\">\n\t\t\t<p class=\"g-pstyle1\">0.5</p>\n\t\t</div>\n\t\t<div id=\"g-ai2-15\" class=\"g-GFX g-aiAbs g-aiPointText\" style=\"top:92.4859%;margin-top:-7.4px;left:1.266%;width:40px;\">\n\t\t\t<p class=\"g-pstyle1\">0.0</p>\n\t\t</div>\n\t\t<div id=\"g-ai2-16\" class=\"g-GFX g-aiAbs g-aiPointText\" style=\"top:98.5908%;margin-top:-7.4px;left:15.6908%;width:52px;\">\n\t\t\t<p class=\"g-pstyle1\">2023</p>\n\t\t</div>\n\t\t<div id=\"g-ai2-17\" class=\"g-GFX g-aiAbs g-aiPointText\" style=\"top:98.5908%;margin-top:-7.4px;left:31.3446%;width:40px;\">\n\t\t\t<p class=\"g-pstyle1\">‘25</p>\n\t\t</div>\n\t</div>","rawAttributes":{"id":"g-detail-_355px","class":"g-artboard","style":"width:355px; height:376.751239129053px;","data-aspect-ratio":"0.942","data-min-width":"355","data-max-width":"619"},"backgroundImage":"detail-_355px.jpg"},{"artboardId":"g-detail-_300px","artboardSize":"300px","htmlBlock":"<div id=\"g-detail-_300px\" class=\"g-artboard\" style=\"width:300px; height:376.988643313022px;\" data-aspect-ratio=\"0.796\" data-min-width=\"300\" data-max-width=\"354\">\n<div style=\"\"></div>\n\t\t<img id=\"g-detail-_300px-img\" class=\"g-detail-_300px-img g-aiImg\" alt=\"\" data-src=\"detail-_300px.jpg\" src=\"data:image/gif;base64,R0lGODlhCgAKAIAAAB8fHwAAACH5BAEAAAAALAAAAAAKAAoAAAIIhI+py+0PYysAOw==\" />\n\t\t<div id=\"g-ai1-1\" class=\"g-GFX g-aiAbs g-aiPointText\" style=\"top:1.974%;margin-top:-7.4px;left:26.1553%;width:91px;\">\n\t\t\t<p class=\"g-pstyle0\">March 2025</p>\n\t\t</div>\n\t\t<div id=\"g-ai1-2\" class=\"g-GFX g-aiAbs g-aiPointText\" style=\"top:7.5445%;margin-top:-7.4px;left:0.1504%;width:50px;\">\n\t\t\t<p class=\"g-pstyle1\">6.0%</p>\n\t\t</div>\n\t\t<div id=\"g-ai1-3\" class=\"g-GFX g-aiAbs g-aiPointText\" style=\"top:14.7065%;margin-top:-7.4px;left:1.39%;width:40px;\">\n\t\t\t<p class=\"g-pstyle1\">5.5</p>\n\t\t</div>\n\t\t<div id=\"g-ai1-4\" class=\"g-GFX g-aiAbs g-aiPointText\" style=\"top:21.6033%;margin-top:-7.4px;left:1.39%;width:40px;\">\n\t\t\t<p class=\"g-pstyle1\">5.0</p>\n\t\t</div>\n\t\t<div id=\"g-ai1-5\" class=\"g-GFX g-aiAbs g-aiPointText\" style=\"top:26.2453%;margin-top:-6.9px;left:40.6504%;width:55px;\">\n\t\t\t<p class=\"g-pstyle2\">2025</p>\n\t\t</div>\n\t\t<div id=\"g-ai1-6\" class=\"g-GFX g-aiAbs g-aiPointText\" style=\"top:28.7653%;margin-top:-7.4px;left:1.39%;width:40px;\">\n\t\t\t<p class=\"g-pstyle1\">4.5</p>\n\t\t</div>\n\t\t<div id=\"g-ai1-7\" class=\"g-GFX g-aiAbs g-aiPointText\" style=\"top:35.9273%;margin-top:-7.4px;left:1.39%;width:40px;\">\n\t\t\t<p class=\"g-pstyle1\">4.0</p>\n\t\t</div>\n\t\t<div id=\"g-ai1-8\" class=\"g-GFX g-aiAbs g-aiPointText\" style=\"top:42.8241%;margin-top:-7.4px;left:1.39%;width:40px;\">\n\t\t\t<p class=\"g-pstyle1\">3.5</p>\n\t\t</div>\n\t\t<div id=\"g-ai1-9\" class=\"g-GFX g-aiAbs g-aiPointText\" style=\"top:49.9861%;margin-top:-7.4px;left:1.39%;width:40px;\">\n\t\t\t<p class=\"g-pstyle1\">3.0</p>\n\t\t</div>\n\t\t<div id=\"g-ai1-10\" class=\"g-GFX g-aiAbs g-aiPointText\" style=\"top:57.1481%;margin-top:-7.4px;left:1.39%;width:40px;\">\n\t\t\t<p class=\"g-pstyle1\">2.5</p>\n\t\t</div>\n\t\t<div id=\"g-ai1-11\" class=\"g-GFX g-aiAbs g-aiPointText\" style=\"top:64.0449%;margin-top:-7.4px;left:1.39%;width:40px;\">\n\t\t\t<p class=\"g-pstyle1\">2.0</p>\n\t\t</div>\n\t\t<div id=\"g-ai1-12\" class=\"g-GFX g-aiAbs g-aiPointText\" style=\"top:71.2069%;margin-top:-7.4px;left:1.39%;width:40px;\">\n\t\t\t<p class=\"g-pstyle1\">1.5</p>\n\t\t</div>\n\t\t<div id=\"g-ai1-13\" class=\"g-GFX g-aiAbs g-aiPointText\" style=\"top:78.3689%;margin-top:-7.4px;left:1.39%;width:40px;\">\n\t\t\t<p class=\"g-pstyle1\">1.0</p>\n\t\t</div>\n\t\t<div id=\"g-ai1-14\" class=\"g-GFX g-aiAbs g-aiPointText\" style=\"top:85.2657%;margin-top:-7.4px;left:1.39%;width:40px;\">\n\t\t\t<p class=\"g-pstyle1\">0.5</p>\n\t\t</div>\n\t\t<div id=\"g-ai1-15\" class=\"g-GFX g-aiAbs g-aiPointText\" style=\"top:92.4277%;margin-top:-7.4px;left:1.39%;width:40px;\">\n\t\t\t<p class=\"g-pstyle1\">0.0</p>\n\t\t</div>\n\t\t<div id=\"g-ai1-16\" class=\"g-GFX g-aiAbs g-aiPointText\" style=\"top:98.5287%;margin-top:-7.4px;left:14.1481%;width:52px;\">\n\t\t\t<p class=\"g-pstyle1\">2023</p>\n\t\t</div>\n\t\t<div id=\"g-ai1-17\" class=\"g-GFX g-aiAbs g-aiPointText\" style=\"top:98.5287%;margin-top:-7.4px;left:31.2162%;width:40px;\">\n\t\t\t<p class=\"g-pstyle1\">‘25</p>\n\t\t</div>\n\t</div>","rawAttributes":{"id":"g-detail-_300px","class":"g-artboard","style":"width:300px; height:376.988643313022px;","data-aspect-ratio":"0.796","data-min-width":"300","data-max-width":"354"},"backgroundImage":"detail-_300px.jpg"}],"headline":"<tspan class=\"g-pstyle0\">Headline</tspan><br>","description":"<tspan>Dek—Lorem ipsum dolor sit amet, consectetur adipiscing elit, tempor</tspan><br>","note":"<tspan class=\"g-pstyle2\">Note:</tspan><br>","source":"<tspan class=\"g-pstyle2\">Source:</tspan><br>","tagline":"","title":"<tspan class=\"g-pstyle1\">Chart title</tspan><br>","filename":"detail","nameSpace":"g-","styles":"<style media=\"screen,print\">\n\t#g-detail-box ,\n\t#g-detail-box .g-artboard {\n\t\tmargin:0 auto;\n\t}\n\t#g-detail-box p {\n\t\tmargin:0;\n\t}\n\t#g-detail-box .g-aiAbs {\n\t\tposition:absolute;\n\t}\n\t#g-detail-box .g-aiImg {\n\t\tposition:absolute;\n\t\ttop:0;\n\t\tdisplay:block;\n\t\twidth:100% !important;\n\t}\n\t#g-detail-box .g-aiSymbol {\n\t\tposition: absolute;\n\t\tbox-sizing: border-box;\n\t}\n\t#g-detail-box .g-aiPointText p { white-space: nowrap; }\n\t#g-detail-box tspan {\n\t\tposition:relative;\n\t\toverflow:hidden;\n\t}\n\t#g-detail-box tspan p {\n\t\tfont-weight:500;\n\t\tline-height:20px;\n\t\topacity:1;\n\t\tletter-spacing:0em;\n\t\tfont-size:15px;\n\t\ttext-align:left;\n\t\tcolor:rgb(51,51,51);\n\t\ttext-transform:none;\n\t\tpadding-bottom:0;\n\t\tpadding-top:0;\n\t\tmix-blend-mode:normal;\n\t\tfont-style:normal;\n\t\theight:auto;\n\t\tposition:static;\n\t}\n\t#g-detail-box tspan .g-pstyle0 {\n\t\tfont-size:18px;\n\t}\n\t#g-detail-box tspan .g-pstyle1 {\n\t\tfont-weight:700;\n\t\tcolor:rgb(118,118,118);\n\t}\n\t#g-detail-box tspan .g-pstyle2 {\n\t\tline-height:17px;\n\t\tfont-size:13px;\n\t\tcolor:rgb(114,114,114);\n\t}\n\t#g-detail-_300px {\n\t\tposition:relative;\n\t\toverflow:hidden;\n\t}\n\t#g-detail-_300px p {\n\t\tfont-weight:500;\n\t\tline-height:14px;\n\t\theight:auto;\n\t\topacity:1;\n\t\tletter-spacing:0em;\n\t\tfont-size:13px;\n\t\ttext-align:left;\n\t\tcolor:rgb(102,102,102);\n\t\ttext-transform:none;\n\t\tpadding-bottom:0;\n\t\tpadding-top:0;\n\t\tmix-blend-mode:normal;\n\t\tfont-style:normal;\n\t\tposition:static;\n\t}\n\t#g-detail-_300px .g-pstyle0 {\n\t\tfont-style:italic;\n\t\theight:14px;\n\t}\n\t#g-detail-_300px .g-pstyle1 {\n\t\theight:14px;\n\t}\n\t#g-detail-_300px .g-pstyle2 {\n\t\tfont-weight:700;\n\t\tline-height:13px;\n\t\theight:13px;\n\t}\n\t#g-detail-_355px {\n\t\tposition:relative;\n\t\toverflow:hidden;\n\t}\n\t#g-detail-_355px p {\n\t\tfont-weight:500;\n\t\tline-height:14px;\n\t\theight:auto;\n\t\topacity:1;\n\t\tletter-spacing:0em;\n\t\tfont-size:13px;\n\t\ttext-align:left;\n\t\tcolor:rgb(102,102,102);\n\t\ttext-transform:none;\n\t\tpadding-bottom:0;\n\t\tpadding-top:0;\n\t\tmix-blend-mode:normal;\n\t\tfont-style:normal;\n\t\tposition:static;\n\t}\n\t#g-detail-_355px .g-pstyle0 {\n\t\tfont-style:italic;\n\t\theight:14px;\n\t\tfont-size:14px;\n\t}\n\t#g-detail-_355px .g-pstyle1 {\n\t\theight:14px;\n\t}\n\t#g-detail-_355px .g-pstyle2 {\n\t\tfont-weight:700;\n\t\theight:14px;\n\t\tfont-size:14px;\n\t}\n\t#g-detail-_620px {\n\t\tposition:relative;\n\t\toverflow:hidden;\n\t}\n\t#g-detail-_620px p {\n\t\tfont-weight:500;\n\t\tline-height:14px;\n\t\theight:auto;\n\t\topacity:1;\n\t\tletter-spacing:0em;\n\t\tfont-size:14px;\n\t\ttext-align:left;\n\t\tcolor:rgb(102,102,102);\n\t\ttext-transform:none;\n\t\tpadding-bottom:0;\n\t\tpadding-top:0;\n\t\tmix-blend-mode:normal;\n\t\tfont-style:normal;\n\t\tposition:static;\n\t}\n\t#g-detail-_620px .g-pstyle0 {\n\t\tfont-style:italic;\n\t\theight:14px;\n\t}\n\t#g-detail-_620px .g-pstyle1 {\n\t\theight:14px;\n\t}\n\t#g-detail-_620px .g-pstyle2 {\n\t\tfont-weight:700;\n\t\theight:14px;\n\t}\n\t#g-detail-_1000px {\n\t\tposition:relative;\n\t\toverflow:hidden;\n\t}\n\t#g-detail-_1000px p {\n\t\tfont-weight:500;\n\t\tline-height:23px;\n\t\theight:auto;\n\t\topacity:1;\n\t\tletter-spacing:0em;\n\t\tfont-size:16px;\n\t\ttext-align:left;\n\t\tcolor:rgb(102,102,102);\n\t\ttext-transform:none;\n\t\tpadding-bottom:0;\n\t\tpadding-top:0;\n\t\tmix-blend-mode:normal;\n\t\tfont-style:normal;\n\t\tposition:static;\n\t}\n\t#g-detail-_1000px .g-pstyle0 {\n\t\tfont-style:italic;\n\t\theight:23px;\n\t}\n\t#g-detail-_1000px .g-pstyle1 {\n\t\theight:23px;\n\t}\n\t#g-detail-_1000px .g-pstyle2 {\n\t\tfont-weight:700;\n\t\theight:23px;\n\t}\n\n\t/* Custom CSS */\n\t.g-shadow-text {\ntext-shadow: 2px 2px #FFFFFF;\n}\n\n</style>","date":"06/13/2025","includeMediaQuery":true}},"template":{"template":"<script>if(!window.loadCSS) { function loadCSS(e,t,n){function d(){for(var t,a=0;a<i.length;a++)i[a].href&&i[a].href.indexOf(e.trim().substr(-8))>-1&&(t=!0);t?o.media=n||\"all\":setTimeout(d)}var o=window.document.createElement(\"link\"),a=t||window.document.getElementsByTagName(\"meta\")[0],i=window.document.styleSheets;return o.rel=\"stylesheet\",o.href=e.trim(),o.media=\"only x\",a.parentNode.appendChild(o,a),d(),o}window.loadCSS=loadCSS; }</script>\n<style type=\"text/css\" media=\"screen,print\">\n  #{{nameSpace}}{{filename}}-box.ai2html_export {\n    max-width: {{maxWidth}}px;\n    width:100%;\n    margin: 0 auto;\n  }\n  .{{nameSpace}}aiImg {\n    margin-top: -1.2px;\n  }\n  .{{nameSpace}}_valign {\n    margin-top: -2px;\n  }\n  \n  div[class^=\"{{nameSpace}}_textoutline-white\"] { text-shadow: -1px -1px 0 #fff, 1px -1px 0 #fff, -1px 1px 0 #fff, 1px 1px 0 #fff; }\n  div[class^=\"{{nameSpace}}_textshadow-white\"] { text-shadow: 1px 1px 2px #fff; }\n  div[class^=\"{{nameSpace}}_textoutline-black\"] { text-shadow: -1px -1px 0 #000, 1px -1px 0 #000, -1px 1px 0 #000, 1px 1px 0 #000; }\n  div[class^=\"{{nameSpace}}_textshadow-black\"] { text-shadow: 1px 1px 2px #000; }\n\n  div[class^=\"{{nameSpace}}_textoutline-grey\"] { text-shadow: -1px -1px 0 #dddddd, 1px -1px 0 #dddddd, -1px 1px 0 #dddddd, 1px 1px 0 #dddddd; }\n  div[class^=\"{{nameSpace}}_textshadow-grey\"] { text-shadow: 1px 1px 2px #dddddd; }\n\n  {{#includeMediaQuery}} \n   @media all and (max-width: 585px) {\n      .at4units .ai2html_export {\n        max-width: 355px !important;\n      }\n\n    }\n     @media all and (min-width: 586px) and (max-width: 665px){\n      .at4units #{{nameSpace}}{{filename}}-box.ai2html_export {\n        max-width: 540px !important;\n      }\n    }\n    \n    .at8units #wsj-article-wrap .inline .ai2html_export,\n    .at8units #wsj-article-wrap .offset .ai2html_export,\n    .at8units #wsj-article-wrap .bleed .ai2html_export {\n      margin: 0 auto;\n      max-width: 620px;\n    }\n  {{/includeMediaQuery}}\n\n </style>\n\n{{#styles}}\n  {{{styles}}}\n{{/styles}}\n<link rel=\"stylesheet\" type=\"text/css\" href=\"//asset.wsj.net/wsjnewsgraphics/ai2html/ai2html-responsive-barrons.min.css\" />\n\n<div id=\"{{nameSpace}}{{filename}}-box\" class=\"ai2html_export\" data-version=\"{{version}}\" data-date=\"{{date}}\" data-uuid=\"{{uuid}}\" data-min-width=\"{{minWidth}}\">\n  {{#headline}}\n    <h3 class=\"djai2html-headline\">{{{headline}}}</h3>\n  {{/headline}}\n\n  {{#description}}\n    <h4 class=\"djai2html-leadin\">{{{description}}}</h4>\n  {{/description}}\n\n  {{#title}}\n    <h4 class=\"djai2html-title\">{{{title}}}</h4>\n  {{/title}}\n\n  {{#boards}}\n    {{#htmlBlock}}\n     {{{htmlBlock}}}\n    {{/htmlBlock}}\n  {{/boards}}\n  \n  <div class=\"djai2html-foot\">\n    {{#note}}<p class=\"djai2html-note\">{{{note}}}</p>{{/note}}\n    {{#source}}<p class=\"djai2html-source\">{{{source}}}</p>{{/source}}\n    {{#tagline}}<p class=\"djai2html-tagline\">{{{tagline}}}</p>{{/tagline}}\n  </div>\n</div>\n\n<script>\n\n  trackActionAi2html('render');\n\n  function trackActionAi2html(action) {\n    if (window && window.NREUM) {\n      var articleId = document.querySelector('meta[name=\"article.id\"]');\n      var metaType = document.querySelector('meta[name=\"article.type\"]');\n      var metaSection = document.querySelector('meta[name=\"article.section\"]');\n      var pageSource = document.querySelector('meta[name=\"page.content.source\"]');\n      var data = {\n        insetName: 'ai2html',\n        ai2htmlId: '{{{uuid}}}',\n        ai2htmlVersion: '{{version}}',\n        articleId: articleId ? articleId.getAttribute('content') : '',\n        articleType: metaType ? metaType.getAttribute('content') : '',\n        articleSection: metaType ? metaSection.getAttribute('content') : '',\n        pageSource: pageSource ? pageSource.getAttribute('content') : ''\n      };\n      window.NREUM.addPageAction(\n        'ai2html:' + action,\n        data\n      );\n    }\n  }\n</script>\n<script src=\"https://asset.wsj.net/wsjnewsgraphics/ai2html/ai2html.resizer.js\" type=\"text/javascript\"></script>\n<script src=\"//asset.wsj.net/wsjnewsgraphics/ai2html/ai2html.min.js\"></script>\n"}}}