{"status":"OK","type":"InsetDynamic","platforms":["desktop","mobile"],"serverside":{"data":{"data":{"version":"3.0.0","maxWidth":620,"minWidth":300,"boards":[{"artboardId":"g-dotplot_topper-_620px","artboardSize":"620px","htmlBlock":"<div id=\"g-dotplot_topper-_620px\" class=\"g-artboard\" style=\"width:620px; height:236.972692597129px;\" data-aspect-ratio=\"2.616\" data-min-width=\"620\">\n<div style=\"\"></div>\n\t\t<img id=\"g-dotplot_topper-_620px-img\" class=\"g-dotplot_topper-_620px-img g-aiImg\" alt=\"\" data-src=\"dotplot_topper-_620px.jpg\" src=\"data:image/gif;base64,R0lGODlhCgAKAIAAAB8fHwAAACH5BAEAAAAALAAAAAAKAAoAAAIIhI+py+0PYysAOw==\" />\n\t</div>","rawAttributes":{"id":"g-dotplot_topper-_620px","class":"g-artboard","style":"width:620px; height:236.972692597129px;","data-aspect-ratio":"2.616","data-min-width":"620"},"backgroundImage":"dotplot_topper-_620px.jpg"},{"artboardId":"g-dotplot_topper-_355px","artboardSize":"355px","htmlBlock":"<div id=\"g-dotplot_topper-_355px\" class=\"g-artboard\" style=\"width:355px; height:132.358984833706px;\" data-aspect-ratio=\"2.682\" data-min-width=\"355\" data-max-width=\"619\">\n<div style=\"\"></div>\n\t\t<img id=\"g-dotplot_topper-_355px-img\" class=\"g-dotplot_topper-_355px-img g-aiImg\" alt=\"\" data-src=\"dotplot_topper-_355px.jpg\" src=\"data:image/gif;base64,R0lGODlhCgAKAIAAAB8fHwAAACH5BAEAAAAALAAAAAAKAAoAAAIIhI+py+0PYysAOw==\" />\n\t</div>","rawAttributes":{"id":"g-dotplot_topper-_355px","class":"g-artboard","style":"width:355px; height:132.358984833706px;","data-aspect-ratio":"2.682","data-min-width":"355","data-max-width":"619"},"backgroundImage":"dotplot_topper-_355px.jpg"},{"artboardId":"g-dotplot_topper-_300px","artboardSize":"300px","htmlBlock":"<div id=\"g-dotplot_topper-_300px\" class=\"g-artboard\" style=\"width:300px; height:132.358984833706px;\" data-aspect-ratio=\"2.267\" data-min-width=\"300\" data-max-width=\"354\">\n<div style=\"\"></div>\n\t\t<img id=\"g-dotplot_topper-_300px-img\" class=\"g-dotplot_topper-_300px-img g-aiImg\" alt=\"\" data-src=\"dotplot_topper-_300px.jpg\" src=\"data:image/gif;base64,R0lGODlhCgAKAIAAAB8fHwAAACH5BAEAAAAALAAAAAAKAAoAAAIIhI+py+0PYysAOw==\" />\n\t</div>","rawAttributes":{"id":"g-dotplot_topper-_300px","class":"g-artboard","style":"width:300px; height:132.358984833706px;","data-aspect-ratio":"2.267","data-min-width":"300","data-max-width":"354"},"backgroundImage":"dotplot_topper-_300px.jpg"}],"headline":"<tspan class=\"g-pstyle0\">Headline</tspan><br>","description":"<tspan>Dek—Lorem ipsum dolor sit amet, consectetur adipiscing elit, tempor</tspan><br>","note":"<tspan class=\"g-pstyle2\">Note:</tspan><br>","source":"<tspan class=\"g-pstyle2\">Source:</tspan><br>","tagline":"","title":"<tspan class=\"g-pstyle1\">Chart title</tspan><br>","filename":"dotplot_topper","nameSpace":"g-","styles":"<style media=\"screen,print\">\n\t#g-dotplot_topper-box ,\n\t#g-dotplot_topper-box .g-artboard {\n\t\tmargin:0 auto;\n\t}\n\t#g-dotplot_topper-box p {\n\t\tmargin:0;\n\t}\n\t#g-dotplot_topper-box .g-aiAbs {\n\t\tposition:absolute;\n\t}\n\t#g-dotplot_topper-box .g-aiImg {\n\t\tposition:absolute;\n\t\ttop:0;\n\t\tdisplay:block;\n\t\twidth:100% !important;\n\t}\n\t#g-dotplot_topper-box .g-aiSymbol {\n\t\tposition: absolute;\n\t\tbox-sizing: border-box;\n\t}\n\t#g-dotplot_topper-box .g-aiPointText p { white-space: nowrap; }\n\t#g-dotplot_topper-box tspan {\n\t\tposition:relative;\n\t\toverflow:hidden;\n\t}\n\t#g-dotplot_topper-box tspan p {\n\t\tfont-weight:500;\n\t\tline-height:20px;\n\t\topacity:1;\n\t\tletter-spacing:0em;\n\t\tfont-size:15px;\n\t\ttext-align:left;\n\t\tcolor:rgb(51,51,51);\n\t\ttext-transform:none;\n\t\tpadding-bottom:0;\n\t\tpadding-top:0;\n\t\tmix-blend-mode:normal;\n\t\tfont-style:normal;\n\t\theight:auto;\n\t\tposition:static;\n\t}\n\t#g-dotplot_topper-box tspan .g-pstyle0 {\n\t\tfont-size:18px;\n\t}\n\t#g-dotplot_topper-box tspan .g-pstyle1 {\n\t\tfont-weight:700;\n\t\tcolor:rgb(118,118,118);\n\t}\n\t#g-dotplot_topper-box tspan .g-pstyle2 {\n\t\tline-height:17px;\n\t\tfont-size:13px;\n\t\tcolor:rgb(114,114,114);\n\t}\n\t#g-dotplot_topper-_300px {\n\t\tposition:relative;\n\t\toverflow:hidden;\n\t}\n\t#g-dotplot_topper-_355px {\n\t\tposition:relative;\n\t\toverflow:hidden;\n\t}\n\t#g-dotplot_topper-_620px {\n\t\tposition:relative;\n\t\toverflow:hidden;\n\t}\n\n\t/* Custom CSS */\n\t.g-shadow-text {\ntext-shadow: 2px 2px #FFFFFF;\n}\n\n</style>","date":"06/13/2025","includeMediaQuery":true}},"template":{"template":"<script>if(!window.loadCSS) { function loadCSS(e,t,n){function d(){for(var t,a=0;a<i.length;a++)i[a].href&&i[a].href.indexOf(e.trim().substr(-8))>-1&&(t=!0);t?o.media=n||\"all\":setTimeout(d)}var o=window.document.createElement(\"link\"),a=t||window.document.getElementsByTagName(\"meta\")[0],i=window.document.styleSheets;return o.rel=\"stylesheet\",o.href=e.trim(),o.media=\"only x\",a.parentNode.appendChild(o,a),d(),o}window.loadCSS=loadCSS; }</script>\n<style type=\"text/css\" media=\"screen,print\">\n  #{{nameSpace}}{{filename}}-box.ai2html_export {\n    max-width: {{maxWidth}}px;\n    width:100%;\n    margin: 0 auto;\n  }\n  .{{nameSpace}}aiImg {\n    margin-top: -1.2px;\n  }\n  .{{nameSpace}}_valign {\n    margin-top: -2px;\n  }\n  \n  div[class^=\"{{nameSpace}}_textoutline-white\"] { text-shadow: -1px -1px 0 #fff, 1px -1px 0 #fff, -1px 1px 0 #fff, 1px 1px 0 #fff; }\n  div[class^=\"{{nameSpace}}_textshadow-white\"] { text-shadow: 1px 1px 2px #fff; }\n  div[class^=\"{{nameSpace}}_textoutline-black\"] { text-shadow: -1px -1px 0 #000, 1px -1px 0 #000, -1px 1px 0 #000, 1px 1px 0 #000; }\n  div[class^=\"{{nameSpace}}_textshadow-black\"] { text-shadow: 1px 1px 2px #000; }\n\n  div[class^=\"{{nameSpace}}_textoutline-grey\"] { text-shadow: -1px -1px 0 #dddddd, 1px -1px 0 #dddddd, -1px 1px 0 #dddddd, 1px 1px 0 #dddddd; }\n  div[class^=\"{{nameSpace}}_textshadow-grey\"] { text-shadow: 1px 1px 2px #dddddd; }\n\n  {{#includeMediaQuery}} \n   @media all and (max-width: 585px) {\n      .at4units .ai2html_export {\n        max-width: 355px !important;\n      }\n\n    }\n     @media all and (min-width: 586px) and (max-width: 665px){\n      .at4units #{{nameSpace}}{{filename}}-box.ai2html_export {\n        max-width: 540px !important;\n      }\n    }\n    \n    .at8units #wsj-article-wrap .inline .ai2html_export,\n    .at8units #wsj-article-wrap .offset .ai2html_export,\n    .at8units #wsj-article-wrap .bleed .ai2html_export {\n      margin: 0 auto;\n      max-width: 620px;\n    }\n  {{/includeMediaQuery}}\n\n </style>\n\n{{#styles}}\n  {{{styles}}}\n{{/styles}}\n<link rel=\"stylesheet\" type=\"text/css\" href=\"//asset.wsj.net/wsjnewsgraphics/ai2html/ai2html-responsive-barrons.min.css\" />\n\n<div id=\"{{nameSpace}}{{filename}}-box\" class=\"ai2html_export\" data-version=\"{{version}}\" data-date=\"{{date}}\" data-uuid=\"{{uuid}}\" data-min-width=\"{{minWidth}}\">\n  {{#headline}}\n    <h3 class=\"djai2html-headline\">{{{headline}}}</h3>\n  {{/headline}}\n\n  {{#description}}\n    <h4 class=\"djai2html-leadin\">{{{description}}}</h4>\n  {{/description}}\n\n  {{#title}}\n    <h4 class=\"djai2html-title\">{{{title}}}</h4>\n  {{/title}}\n\n  {{#boards}}\n    {{#htmlBlock}}\n     {{{htmlBlock}}}\n    {{/htmlBlock}}\n  {{/boards}}\n  \n  <div class=\"djai2html-foot\">\n    {{#note}}<p class=\"djai2html-note\">{{{note}}}</p>{{/note}}\n    {{#source}}<p class=\"djai2html-source\">{{{source}}}</p>{{/source}}\n    {{#tagline}}<p class=\"djai2html-tagline\">{{{tagline}}}</p>{{/tagline}}\n  </div>\n</div>\n\n<script>\n\n  trackActionAi2html('render');\n\n  function trackActionAi2html(action) {\n    if (window && window.NREUM) {\n      var articleId = document.querySelector('meta[name=\"article.id\"]');\n      var metaType = document.querySelector('meta[name=\"article.type\"]');\n      var metaSection = document.querySelector('meta[name=\"article.section\"]');\n      var pageSource = document.querySelector('meta[name=\"page.content.source\"]');\n      var data = {\n        insetName: 'ai2html',\n        ai2htmlId: '{{{uuid}}}',\n        ai2htmlVersion: '{{version}}',\n        articleId: articleId ? articleId.getAttribute('content') : '',\n        articleType: metaType ? metaType.getAttribute('content') : '',\n        articleSection: metaType ? metaSection.getAttribute('content') : '',\n        pageSource: pageSource ? pageSource.getAttribute('content') : ''\n      };\n      window.NREUM.addPageAction(\n        'ai2html:' + action,\n        data\n      );\n    }\n  }\n</script>\n<script src=\"https://asset.wsj.net/wsjnewsgraphics/ai2html/ai2html.resizer.js\" type=\"text/javascript\"></script>\n<script src=\"//asset.wsj.net/wsjnewsgraphics/ai2html/ai2html.min.js\"></script>\n"}}}