{"status":"OK","type":"InsetDynamic","platforms":["desktop","mobile"],"serverside":{"data":{"data":{"version":"3.0.0","maxWidth":800,"minWidth":300,"boards":[{"artboardId":"g-fed_2025_projections-_800px","artboardSize":"800px","htmlBlock":"<div id=\"g-fed_2025_projections-_800px\" class=\"g-artboard\" style=\"width:800px; height:705.451372970934px;\" data-aspect-ratio=\"1.134\" data-min-width=\"800\">\n<div style=\"\"></div>\n\t\t<img id=\"g-fed_2025_projections-_800px-img\" class=\"g-fed_2025_projections-_800px-img g-aiImg\" alt=\"\" data-src=\"fed_2025_projections-_800px.jpg\" src=\"data:image/gif;base64,R0lGODlhCgAKAIAAAB8fHwAAACH5BAEAAAAALAAAAAAKAAoAAAIIhI+py+0PYysAOw==\" />\n\t\t<div id=\"g-ai5-1\" class=\"g-GFX g-aiAbs g-aiPointText\" style=\"top:3.9705%;margin-top:-23px;left:12.523%;margin-left:-51.5px;width:103px;\">\n\t\t\t<p class=\"g-pstyle0\">27 months</p>\n\t\t\t<p class=\"g-pstyle1\">before the</p>\n\t\t\t<p class=\"g-pstyle1\">end of 2025</p>\n\t\t</div>\n\t\t<div id=\"g-ai5-2\" class=\"g-GFX g-aiAbs g-aiPointText\" style=\"top:1.8442%;margin-top:-8px;left:23.7521%;width:41px;\">\n\t\t\t<p class=\"g-pstyle2\">24</p>\n\t\t</div>\n\t\t<div id=\"g-ai5-3\" class=\"g-GFX g-aiAbs g-aiPointText\" style=\"top:1.8442%;margin-top:-8px;left:37.4161%;width:41px;\">\n\t\t\t<p class=\"g-pstyle2\">21</p>\n\t\t</div>\n\t\t<div id=\"g-ai5-4\" class=\"g-GFX g-aiAbs g-aiPointText\" style=\"top:1.8442%;margin-top:-8px;left:50.8613%;width:41px;\">\n\t\t\t<p class=\"g-pstyle2\">18</p>\n\t\t</div>\n\t\t<div id=\"g-ai5-5\" class=\"g-GFX g-aiAbs g-aiPointText\" style=\"top:1.8442%;margin-top:-8px;left:64.2517%;width:41px;\">\n\t\t\t<p class=\"g-pstyle2\">15</p>\n\t\t</div>\n\t\t<div id=\"g-ai5-6\" class=\"g-GFX g-aiAbs g-aiPointText\" style=\"top:1.8442%;margin-top:-8px;left:77.8577%;width:41px;\">\n\t\t\t<p class=\"g-pstyle2\">12</p>\n\t\t</div>\n\t\t<div id=\"g-ai5-7\" class=\"g-GFX g-aiAbs g-aiPointText\" style=\"top:1.8442%;margin-top:-8px;left:92.294%;width:31px;\">\n\t\t\t<p class=\"g-pstyle2\">9</p>\n\t\t</div>\n\t\t<div id=\"g-ai5-8\" class=\"g-GFX g-aiAbs g-aiPointText\" style=\"top:8.5091%;margin-top:-8px;left:0.0366%;width:54px;\">\n\t\t\t<p class=\"g-pstyle3\">6.0%</p>\n\t\t</div>\n\t\t<div id=\"g-ai5-9\" class=\"g-GFX g-aiAbs g-aiPointText\" style=\"top:15.7386%;margin-top:-8px;left:1.784%;width:43px;\">\n\t\t\t<p class=\"g-pstyle3\">5.5</p>\n\t\t</div>\n\t\t<div id=\"g-ai5-10\" class=\"g-GFX g-aiAbs g-aiPointText\" style=\"top:19.1262%;margin-top:-18.9px;left:78.7872%;width:109px;\">\n\t\t\t<p class=\"g-pstyle4\">Current rate</p>\n\t\t\t<p class=\"g-pstyle4\">4.25 - 4.5%</p>\n\t\t</div>\n\t\t<div id=\"g-ai5-11\" class=\"g-GFX g-aiAbs g-aiPointText\" style=\"top:22.8262%;margin-top:-8px;left:1.784%;width:43px;\">\n\t\t\t<p class=\"g-pstyle3\">5.0</p>\n\t\t</div>\n\t\t<div id=\"g-ai5-12\" class=\"g-GFX g-aiAbs g-aiPointText\" style=\"top:29.9139%;margin-top:-8px;left:1.784%;width:43px;\">\n\t\t\t<p class=\"g-pstyle3\">4.5</p>\n\t\t</div>\n\t\t<div id=\"g-ai5-13\" class=\"g-GFX g-aiAbs g-aiPointText\" style=\"top:37.1433%;margin-top:-8px;left:1.784%;width:43px;\">\n\t\t\t<p class=\"g-pstyle3\">4.0</p>\n\t\t</div>\n\t\t<div id=\"g-ai5-14\" class=\"g-GFX g-aiAbs g-aiPointText\" style=\"top:43.9474%;margin-top:-8px;left:1.784%;width:43px;\">\n\t\t\t<p class=\"g-pstyle3\">3.5</p>\n\t\t</div>\n\t\t<div id=\"g-ai5-15\" class=\"g-GFX g-aiAbs g-aiPointText\" style=\"top:51.1769%;margin-top:-8px;left:1.784%;width:43px;\">\n\t\t\t<p class=\"g-pstyle3\">3.0</p>\n\t\t</div>\n\t\t<div id=\"g-ai5-16\" class=\"g-GFX g-aiAbs g-aiPointText\" style=\"top:57.981%;margin-top:-8px;left:1.784%;width:43px;\">\n\t\t\t<p class=\"g-pstyle3\">2.5</p>\n\t\t</div>\n\t\t<div id=\"g-ai5-17\" class=\"g-GFX g-aiAbs g-aiPointText\" style=\"top:63.9481%;margin-top:-28.1px;left:60.9199%;width:189px;\">\n\t\t\t<p class=\"g-pstyle4\">Where investors think</p>\n\t\t\t<p class=\"g-pstyle4\">rates will fall according</p>\n\t\t\t<p class=\"g-pstyle4\">to CME FedWatch.</p>\n\t\t</div>\n\t\t<div id=\"g-ai5-18\" class=\"g-GFX g-aiAbs g-aiPointText\" style=\"top:64.9269%;margin-top:-8px;left:1.784%;width:43px;\">\n\t\t\t<p class=\"g-pstyle3\">2.0</p>\n\t\t</div>\n\t\t<div id=\"g-ai5-19\" class=\"g-GFX g-aiAbs g-aiPointText\" style=\"top:71.8584%;margin-top:-18.9px;left:26.1079%;width:96px;\">\n\t\t\t<p class=\"g-pstyle4\">Fed</p>\n\t\t\t<p class=\"g-pstyle4\">projection</p>\n\t\t</div>\n\t\t<div id=\"g-ai5-20\" class=\"g-GFX g-aiAbs g-aiPointText\" style=\"top:71.7311%;margin-top:-8px;left:1.784%;width:43px;\">\n\t\t\t<p class=\"g-pstyle3\">1.5</p>\n\t\t</div>\n\t\t<div id=\"g-ai5-21\" class=\"g-GFX g-aiAbs g-aiPointText\" style=\"top:78.5352%;margin-top:-8px;left:1.784%;width:43px;\">\n\t\t\t<p class=\"g-pstyle3\">1.0</p>\n\t\t</div>\n\t\t<div id=\"g-ai5-22\" class=\"g-GFX g-aiAbs g-aiPointText\" style=\"top:85.4811%;margin-top:-8px;left:1.784%;width:43px;\">\n\t\t\t<p class=\"g-pstyle3\">0.5</p>\n\t\t</div>\n\t\t<div id=\"g-ai5-23\" class=\"g-GFX g-aiAbs g-aiPointText\" style=\"top:92.2853%;margin-top:-8px;left:3.6733%;width:31px;\">\n\t\t\t<p class=\"g-pstyle3\">0</p>\n\t\t</div>\n\t\t<div id=\"g-ai5-24\" class=\"g-GFX g-aiAbs g-aiPointText\" style=\"top:97.8177%;margin-top:-10.1px;left:19.2946%;margin-left:-27.5px;width:55px;\">\n\t\t\t<p class=\"g-pstyle0\">2023</p>\n\t\t</div>\n\t\t<div id=\"g-ai5-25\" class=\"g-GFX g-aiAbs g-aiPointText\" style=\"top:97.8177%;margin-top:-10.1px;left:57.6061%;width:55px;\">\n\t\t\t<p class=\"g-pstyle2\">2024</p>\n\t\t</div>\n\t\t<div id=\"g-ai5-26\" class=\"g-GFX g-aiAbs g-aiPointText\" style=\"top:97.8177%;margin-top:-10.1px;left:91.6928%;width:55px;\">\n\t\t\t<p class=\"g-pstyle2\">2025</p>\n\t\t</div>\n\t</div>","rawAttributes":{"id":"g-fed_2025_projections-_800px","class":"g-artboard","style":"width:800px; height:705.451372970934px;","data-aspect-ratio":"1.134","data-min-width":"800"},"backgroundImage":"fed_2025_projections-_800px.jpg"},{"artboardId":"g-fed_2025_projections-_620px","artboardSize":"620px","htmlBlock":"<div id=\"g-fed_2025_projections-_620px\" class=\"g-artboard\" style=\"width:620px; height:543.912297741244px;\" data-aspect-ratio=\"1.14\" data-min-width=\"620\" data-max-width=\"799\">\n<div style=\"\"></div>\n\t\t<img id=\"g-fed_2025_projections-_620px-img\" class=\"g-fed_2025_projections-_620px-img g-aiImg\" alt=\"\" data-src=\"fed_2025_projections-_620px.jpg\" src=\"data:image/gif;base64,R0lGODlhCgAKAIAAAB8fHwAAACH5BAEAAAAALAAAAAAKAAoAAAIIhI+py+0PYysAOw==\" />\n\t\t<div id=\"g-ai3-1\" class=\"g-GFX g-aiAbs g-aiPointText\" style=\"top:4.3162%;margin-top:-21.5px;left:14.5042%;margin-left:-48.5px;width:97px;\">\n\t\t\t<p class=\"g-pstyle0\">27 months</p>\n\t\t\t<p class=\"g-pstyle1\">before the</p>\n\t\t\t<p class=\"g-pstyle1\">end of 2025</p>\n\t\t</div>\n\t\t<div id=\"g-ai3-2\" class=\"g-GFX g-aiAbs g-aiPointText\" style=\"top:1.7422%;margin-top:-7.5px;left:25.5118%;width:40px;\">\n\t\t\t<p class=\"g-pstyle2\">24</p>\n\t\t</div>\n\t\t<div id=\"g-ai3-3\" class=\"g-GFX g-aiAbs g-aiPointText\" style=\"top:1.7422%;margin-top:-7.5px;left:38.8512%;width:40px;\">\n\t\t\t<p class=\"g-pstyle2\">21</p>\n\t\t</div>\n\t\t<div id=\"g-ai3-4\" class=\"g-GFX g-aiAbs g-aiPointText\" style=\"top:1.7422%;margin-top:-7.5px;left:51.9769%;width:40px;\">\n\t\t\t<p class=\"g-pstyle2\">18</p>\n\t\t</div>\n\t\t<div id=\"g-ai3-5\" class=\"g-GFX g-aiAbs g-aiPointText\" style=\"top:1.7422%;margin-top:-7.5px;left:65.0493%;width:40px;\">\n\t\t\t<p class=\"g-pstyle2\">15</p>\n\t\t</div>\n\t\t<div id=\"g-ai3-6\" class=\"g-GFX g-aiAbs g-aiPointText\" style=\"top:1.7422%;margin-top:-7.5px;left:78.3322%;width:40px;\">\n\t\t\t<p class=\"g-pstyle2\">12</p>\n\t\t</div>\n\t\t<div id=\"g-ai3-7\" class=\"g-GFX g-aiAbs g-aiPointText\" style=\"top:1.7422%;margin-top:-7.5px;left:92.4257%;width:31px;\">\n\t\t\t<p class=\"g-pstyle2\">9</p>\n\t\t</div>\n\t\t<div id=\"g-ai3-8\" class=\"g-GFX g-aiAbs g-aiPointText\" style=\"top:11.3026%;margin-top:-7.5px;left:0.196%;width:52px;\">\n\t\t\t<p class=\"g-pstyle3\">6.0%</p>\n\t\t</div>\n\t\t<div id=\"g-ai3-9\" class=\"g-GFX g-aiAbs g-aiPointText\" style=\"top:18.4728%;margin-top:-7.5px;left:1.9352%;width:41px;\">\n\t\t\t<p class=\"g-pstyle3\">5.5</p>\n\t\t</div>\n\t\t<div id=\"g-ai3-10\" class=\"g-GFX g-aiAbs g-aiPointText\" style=\"top:21.7902%;margin-top:-18.5px;left:79.2396%;width:106px;\">\n\t\t\t<p class=\"g-pstyle4\">Current rate</p>\n\t\t\t<p class=\"g-pstyle4\">4.25 - 4.5%</p>\n\t\t</div>\n\t\t<div id=\"g-ai3-11\" class=\"g-GFX g-aiAbs g-aiPointText\" style=\"top:25.6431%;margin-top:-7.5px;left:1.9352%;width:41px;\">\n\t\t\t<p class=\"g-pstyle3\">5.0</p>\n\t\t</div>\n\t\t<div id=\"g-ai3-12\" class=\"g-GFX g-aiAbs g-aiPointText\" style=\"top:32.6295%;margin-top:-7.5px;left:1.9352%;width:41px;\">\n\t\t\t<p class=\"g-pstyle3\">4.5</p>\n\t\t</div>\n\t\t<div id=\"g-ai3-13\" class=\"g-GFX g-aiAbs g-aiPointText\" style=\"top:39.7998%;margin-top:-7.5px;left:1.9352%;width:41px;\">\n\t\t\t<p class=\"g-pstyle3\">4.0</p>\n\t\t</div>\n\t\t<div id=\"g-ai3-14\" class=\"g-GFX g-aiAbs g-aiPointText\" style=\"top:46.7862%;margin-top:-7.5px;left:1.9352%;width:41px;\">\n\t\t\t<p class=\"g-pstyle3\">3.5</p>\n\t\t</div>\n\t\t<div id=\"g-ai3-15\" class=\"g-GFX g-aiAbs g-aiPointText\" style=\"top:53.9565%;margin-top:-7.5px;left:1.9352%;width:41px;\">\n\t\t\t<p class=\"g-pstyle3\">3.0</p>\n\t\t</div>\n\t\t<div id=\"g-ai3-16\" class=\"g-GFX g-aiAbs g-aiPointText\" style=\"top:60.7591%;margin-top:-7.5px;left:1.9352%;width:41px;\">\n\t\t\t<p class=\"g-pstyle3\">2.5</p>\n\t\t</div>\n\t\t<div id=\"g-ai3-17\" class=\"g-GFX g-aiAbs g-aiPointText\" style=\"top:66.1091%;margin-top:-27.6px;left:61.7969%;width:184px;\">\n\t\t\t<p class=\"g-pstyle4\">Where investors think</p>\n\t\t\t<p class=\"g-pstyle4\">rates will fall according</p>\n\t\t\t<p class=\"g-pstyle4\">to CME FedWatch.</p>\n\t\t</div>\n\t\t<div id=\"g-ai3-18\" class=\"g-GFX g-aiAbs g-aiPointText\" style=\"top:67.5616%;margin-top:-7.5px;left:1.9352%;width:41px;\">\n\t\t\t<p class=\"g-pstyle3\">2.0</p>\n\t\t</div>\n\t\t<div id=\"g-ai3-19\" class=\"g-GFX g-aiAbs g-aiPointText\" style=\"top:73.6368%;margin-top:-18.5px;left:27.8114%;width:94px;\">\n\t\t\t<p class=\"g-pstyle4\">Fed</p>\n\t\t\t<p class=\"g-pstyle4\">projection</p>\n\t\t</div>\n\t\t<div id=\"g-ai3-20\" class=\"g-GFX g-aiAbs g-aiPointText\" style=\"top:74.5481%;margin-top:-7.5px;left:1.9352%;width:41px;\">\n\t\t\t<p class=\"g-pstyle3\">1.5</p>\n\t\t</div>\n\t\t<div id=\"g-ai3-21\" class=\"g-GFX g-aiAbs g-aiPointText\" style=\"top:81.3506%;margin-top:-7.5px;left:1.9352%;width:41px;\">\n\t\t\t<p class=\"g-pstyle3\">1.0</p>\n\t\t</div>\n\t\t<div id=\"g-ai3-22\" class=\"g-GFX g-aiAbs g-aiPointText\" style=\"top:88.1532%;margin-top:-7.5px;left:1.9352%;width:41px;\">\n\t\t\t<p class=\"g-pstyle3\">0.5</p>\n\t\t</div>\n\t\t<div id=\"g-ai3-23\" class=\"g-GFX g-aiAbs g-aiPointText\" style=\"top:95.1396%;margin-top:-7.5px;left:3.8157%;width:30px;\">\n\t\t\t<p class=\"g-pstyle3\">0</p>\n\t\t</div>\n\t\t<div id=\"g-ai3-24\" class=\"g-GFX g-aiAbs g-aiPointText\" style=\"top:98.6743%;margin-top:-13.7px;left:21.1965%;margin-left:-30.5px;width:61px;\">\n\t\t\t<p class=\"g-pstyle5\">2023</p>\n\t\t</div>\n\t\t<div id=\"g-ai3-25\" class=\"g-GFX g-aiAbs g-aiPointText\" style=\"top:98.6743%;margin-top:-13.7px;left:57.7075%;width:61px;\">\n\t\t\t<p class=\"g-pstyle6\">2024</p>\n\t\t</div>\n\t\t<div id=\"g-ai3-26\" class=\"g-GFX g-aiAbs g-aiPointText\" style=\"top:98.6743%;margin-top:-13.7px;left:90.4965%;width:61px;\">\n\t\t\t<p class=\"g-pstyle6\">2025</p>\n\t\t</div>\n\t</div>","rawAttributes":{"id":"g-fed_2025_projections-_620px","class":"g-artboard","style":"width:620px; height:543.912297741244px;","data-aspect-ratio":"1.14","data-min-width":"620","data-max-width":"799"},"backgroundImage":"fed_2025_projections-_620px.jpg"},{"artboardId":"g-fed_2025_projections-_355px","artboardSize":"355px","htmlBlock":"<div id=\"g-fed_2025_projections-_355px\" class=\"g-artboard\" style=\"width:355px; height:536.473825998502px;\" data-aspect-ratio=\"0.662\" data-min-width=\"355\" data-max-width=\"619\">\n<div style=\"\"></div>\n\t\t<img id=\"g-fed_2025_projections-_355px-img\" class=\"g-fed_2025_projections-_355px-img g-aiImg\" alt=\"\" data-src=\"fed_2025_projections-_355px.jpg\" src=\"data:image/gif;base64,R0lGODlhCgAKAIAAAB8fHwAAACH5BAEAAAAALAAAAAAKAAoAAAIIhI+py+0PYysAOw==\" />\n\t\t<div id=\"g-ai2-1\" class=\"g-GFX g-aiAbs g-aiPointText\" style=\"top:1.58%;margin-top:-7.5px;left:59.9549%;margin-left:-107.5px;width:215px;\">\n\t\t\t<p class=\"g-pstyle0\">Months before the end of 2025</p>\n\t\t</div>\n\t\t<div id=\"g-ai2-2\" class=\"g-GFX g-aiAbs g-aiPointText\" style=\"top:5.8672%;margin-top:-7.5px;left:14.4551%;margin-left:-19px;width:38px;\">\n\t\t\t<p class=\"g-pstyle0\">27</p>\n\t\t</div>\n\t\t<div id=\"g-ai2-3\" class=\"g-GFX g-aiAbs g-aiPointText\" style=\"top:5.8672%;margin-top:-7.5px;left:25.4385%;width:38px;\">\n\t\t\t<p class=\"g-pstyle1\">24</p>\n\t\t</div>\n\t\t<div id=\"g-ai2-4\" class=\"g-GFX g-aiAbs g-aiPointText\" style=\"top:5.8672%;margin-top:-7.5px;left:38.7459%;width:38px;\">\n\t\t\t<p class=\"g-pstyle1\">21</p>\n\t\t</div>\n\t\t<div id=\"g-ai2-5\" class=\"g-GFX g-aiAbs g-aiPointText\" style=\"top:5.8672%;margin-top:-7.5px;left:51.8398%;width:38px;\">\n\t\t\t<p class=\"g-pstyle1\">18</p>\n\t\t</div>\n\t\t<div id=\"g-ai2-6\" class=\"g-GFX g-aiAbs g-aiPointText\" style=\"top:5.8672%;margin-top:-7.5px;left:64.8801%;width:38px;\">\n\t\t\t<p class=\"g-pstyle1\">15</p>\n\t\t</div>\n\t\t<div id=\"g-ai2-7\" class=\"g-GFX g-aiAbs g-aiPointText\" style=\"top:5.8672%;margin-top:-7.5px;left:78.1305%;width:38px;\">\n\t\t\t<p class=\"g-pstyle1\">12</p>\n\t\t</div>\n\t\t<div id=\"g-ai2-8\" class=\"g-GFX g-aiAbs g-aiPointText\" style=\"top:5.8672%;margin-top:-7.5px;left:92.1897%;width:30px;\">\n\t\t\t<p class=\"g-pstyle1\">9</p>\n\t\t</div>\n\t\t<div id=\"g-ai2-9\" class=\"g-GFX g-aiAbs g-aiPointText\" style=\"top:11.4593%;margin-top:-7.5px;left:0.0237%;width:52px;\">\n\t\t\t<p class=\"g-pstyle1\">6.0%</p>\n\t\t</div>\n\t\t<div id=\"g-ai2-10\" class=\"g-GFX g-aiAbs g-aiPointText\" style=\"top:18.3562%;margin-top:-7.5px;left:1.7584%;width:41px;\">\n\t\t\t<p class=\"g-pstyle1\">5.5</p>\n\t\t</div>\n\t\t<div id=\"g-ai2-11\" class=\"g-GFX g-aiAbs g-aiPointText\" style=\"top:23.389%;margin-top:-16.5px;left:76.6206%;width:96px;\">\n\t\t\t<p class=\"g-pstyle2\">Current rate</p>\n\t\t\t<p class=\"g-pstyle2\">4.25 - 4.5%</p>\n\t\t</div>\n\t\t<div id=\"g-ai2-12\" class=\"g-GFX g-aiAbs g-aiPointText\" style=\"top:25.6259%;margin-top:-7.5px;left:1.7584%;width:41px;\">\n\t\t\t<p class=\"g-pstyle1\">5.0</p>\n\t\t</div>\n\t\t<div id=\"g-ai2-13\" class=\"g-GFX g-aiAbs g-aiPointText\" style=\"top:32.8956%;margin-top:-7.5px;left:1.7584%;width:41px;\">\n\t\t\t<p class=\"g-pstyle1\">4.5</p>\n\t\t</div>\n\t\t<div id=\"g-ai2-14\" class=\"g-GFX g-aiAbs g-aiPointText\" style=\"top:40.1653%;margin-top:-7.5px;left:1.7584%;width:41px;\">\n\t\t\t<p class=\"g-pstyle1\">4.0</p>\n\t\t</div>\n\t\t<div id=\"g-ai2-15\" class=\"g-GFX g-aiAbs g-aiPointText\" style=\"top:47.0621%;margin-top:-7.5px;left:1.7584%;width:41px;\">\n\t\t\t<p class=\"g-pstyle1\">3.5</p>\n\t\t</div>\n\t\t<div id=\"g-ai2-16\" class=\"g-GFX g-aiAbs g-aiPointText\" style=\"top:54.3318%;margin-top:-7.5px;left:1.7584%;width:41px;\">\n\t\t\t<p class=\"g-pstyle1\">3.0</p>\n\t\t</div>\n\t\t<div id=\"g-ai2-17\" class=\"g-GFX g-aiAbs g-aiPointText\" style=\"top:61.2287%;margin-top:-24.5px;left:56.2134%;width:165px;\">\n\t\t\t<p class=\"g-pstyle2\">Where investors think</p>\n\t\t\t<p class=\"g-pstyle2\">rates will fall according</p>\n\t\t\t<p class=\"g-pstyle2\">to CME FedWatch.</p>\n\t\t</div>\n\t\t<div id=\"g-ai2-18\" class=\"g-GFX g-aiAbs g-aiPointText\" style=\"top:61.2287%;margin-top:-7.5px;left:1.7584%;width:41px;\">\n\t\t\t<p class=\"g-pstyle1\">2.5</p>\n\t\t</div>\n\t\t<div id=\"g-ai2-19\" class=\"g-GFX g-aiAbs g-aiPointText\" style=\"top:68.6848%;margin-top:-14.5px;left:28.9071%;width:86px;\">\n\t\t\t<p class=\"g-pstyle1\">Fed</p>\n\t\t\t<p class=\"g-pstyle1\">projection</p>\n\t\t</div>\n\t\t<div id=\"g-ai2-20\" class=\"g-GFX g-aiAbs g-aiPointText\" style=\"top:68.1256%;margin-top:-7.5px;left:1.7584%;width:41px;\">\n\t\t\t<p class=\"g-pstyle1\">2.0</p>\n\t\t</div>\n\t\t<div id=\"g-ai2-21\" class=\"g-GFX g-aiAbs g-aiPointText\" style=\"top:75.2089%;margin-top:-7.5px;left:1.7584%;width:41px;\">\n\t\t\t<p class=\"g-pstyle1\">1.5</p>\n\t\t</div>\n\t\t<div id=\"g-ai2-22\" class=\"g-GFX g-aiAbs g-aiPointText\" style=\"top:82.1058%;margin-top:-7.5px;left:1.7584%;width:41px;\">\n\t\t\t<p class=\"g-pstyle1\">1.0</p>\n\t\t</div>\n\t\t<div id=\"g-ai2-23\" class=\"g-GFX g-aiAbs g-aiPointText\" style=\"top:89.0027%;margin-top:-7.5px;left:1.7584%;width:41px;\">\n\t\t\t<p class=\"g-pstyle1\">0.5</p>\n\t\t</div>\n\t\t<div id=\"g-ai2-24\" class=\"g-GFX g-aiAbs g-aiPointText\" style=\"top:96.086%;margin-top:-7.5px;left:3.6345%;width:30px;\">\n\t\t\t<p class=\"g-pstyle1\">0</p>\n\t\t</div>\n\t\t<div id=\"g-ai2-25\" class=\"g-GFX g-aiAbs g-aiPointText\" style=\"top:98.772%;margin-top:-10.9px;left:23.0692%;margin-left:-26.5px;width:53px;\">\n\t\t\t<p class=\"g-pstyle3\">2023</p>\n\t\t</div>\n\t\t<div id=\"g-ai2-26\" class=\"g-GFX g-aiAbs g-aiPointText\" style=\"top:98.772%;margin-top:-10.9px;left:56.483%;width:53px;\">\n\t\t\t<p class=\"g-pstyle4\">2024</p>\n\t\t</div>\n\t\t<div id=\"g-ai2-27\" class=\"g-GFX g-aiAbs g-aiPointText\" style=\"top:98.772%;margin-top:-10.9px;left:89.4663%;width:53px;\">\n\t\t\t<p class=\"g-pstyle4\">2025</p>\n\t\t</div>\n\t</div>","rawAttributes":{"id":"g-fed_2025_projections-_355px","class":"g-artboard","style":"width:355px; height:536.473825998502px;","data-aspect-ratio":"0.662","data-min-width":"355","data-max-width":"619"},"backgroundImage":"fed_2025_projections-_355px.jpg"},{"artboardId":"g-fed_2025_projections-_300px","artboardSize":"300px","htmlBlock":"<div id=\"g-fed_2025_projections-_300px\" class=\"g-artboard\" style=\"width:300px; height:445.642274009979px;\" data-aspect-ratio=\"0.673\" data-min-width=\"300\" data-max-width=\"354\">\n<div style=\"\"></div>\n\t\t<img id=\"g-fed_2025_projections-_300px-img\" class=\"g-fed_2025_projections-_300px-img g-aiImg\" alt=\"\" data-src=\"fed_2025_projections-_300px.jpg\" src=\"data:image/gif;base64,R0lGODlhCgAKAIAAAB8fHwAAACH5BAEAAAAALAAAAAAKAAoAAAIIhI+py+0PYysAOw==\" />\n\t\t<div id=\"g-ai1-1\" class=\"g-GFX g-aiAbs g-aiPointText\" style=\"top:1.4455%;margin-top:-6.4px;left:53.3389%;margin-left:-100.5px;width:201px;\">\n\t\t\t<p class=\"g-pstyle0\">Months before the end of 2025</p>\n\t\t</div>\n\t\t<div id=\"g-ai1-2\" class=\"g-GFX g-aiAbs g-aiPointText\" style=\"top:5.709%;margin-top:-6.4px;left:16.2891%;margin-left:-18.5px;width:37px;\">\n\t\t\t<p class=\"g-pstyle0\">27</p>\n\t\t</div>\n\t\t<div id=\"g-ai1-3\" class=\"g-GFX g-aiAbs g-aiPointText\" style=\"top:5.709%;margin-top:-6.4px;left:26.2376%;width:37px;\">\n\t\t\t<p class=\"g-pstyle1\">24</p>\n\t\t</div>\n\t\t<div id=\"g-ai1-4\" class=\"g-GFX g-aiAbs g-aiPointText\" style=\"top:5.709%;margin-top:-6.4px;left:39.528%;width:37px;\">\n\t\t\t<p class=\"g-pstyle1\">21</p>\n\t\t</div>\n\t\t<div id=\"g-ai1-5\" class=\"g-GFX g-aiAbs g-aiPointText\" style=\"top:5.709%;margin-top:-6.4px;left:52.2725%;width:37px;\">\n\t\t\t<p class=\"g-pstyle1\">18</p>\n\t\t</div>\n\t\t<div id=\"g-ai1-6\" class=\"g-GFX g-aiAbs g-aiPointText\" style=\"top:5.709%;margin-top:-6.4px;left:64.9622%;width:37px;\">\n\t\t\t<p class=\"g-pstyle1\">15</p>\n\t\t</div>\n\t\t<div id=\"g-ai1-7\" class=\"g-GFX g-aiAbs g-aiPointText\" style=\"top:5.709%;margin-top:-6.4px;left:78.196%;width:37px;\">\n\t\t\t<p class=\"g-pstyle1\">12</p>\n\t\t</div>\n\t\t<div id=\"g-ai1-8\" class=\"g-GFX g-aiAbs g-aiPointText\" style=\"top:5.709%;margin-top:-6.4px;left:92.2373%;width:30px;\">\n\t\t\t<p class=\"g-pstyle1\">9</p>\n\t\t</div>\n\t\t<div id=\"g-ai1-9\" class=\"g-GFX g-aiAbs g-aiPointText\" style=\"top:10.0847%;margin-top:-6.9px;left:0.1891%;width:50px;\">\n\t\t\t<p class=\"g-pstyle2\">6.0%</p>\n\t\t</div>\n\t\t<div id=\"g-ai1-10\" class=\"g-GFX g-aiAbs g-aiPointText\" style=\"top:17.2654%;margin-top:-6.9px;left:1.9216%;width:40px;\">\n\t\t\t<p class=\"g-pstyle2\">5.5</p>\n\t\t</div>\n\t\t<div id=\"g-ai1-11\" class=\"g-GFX g-aiAbs g-aiPointText\" style=\"top:21.2%;margin-top:-16.5px;left:74.9785%;width:96px;\">\n\t\t\t<p class=\"g-pstyle3\">Current rate</p>\n\t\t\t<p class=\"g-pstyle3\">4.25 - 4.5%</p>\n\t\t</div>\n\t\t<div id=\"g-ai1-12\" class=\"g-GFX g-aiAbs g-aiPointText\" style=\"top:24.446%;margin-top:-6.9px;left:1.9216%;width:40px;\">\n\t\t\t<p class=\"g-pstyle2\">5.0</p>\n\t\t</div>\n\t\t<div id=\"g-ai1-13\" class=\"g-GFX g-aiAbs g-aiPointText\" style=\"top:31.8511%;margin-top:-6.9px;left:1.9216%;width:40px;\">\n\t\t\t<p class=\"g-pstyle2\">4.5</p>\n\t\t</div>\n\t\t<div id=\"g-ai1-14\" class=\"g-GFX g-aiAbs g-aiPointText\" style=\"top:39.2561%;margin-top:-6.9px;left:1.9216%;width:40px;\">\n\t\t\t<p class=\"g-pstyle2\">4.0</p>\n\t\t</div>\n\t\t<div id=\"g-ai1-15\" class=\"g-GFX g-aiAbs g-aiPointText\" style=\"top:46.2124%;margin-top:-6.9px;left:1.9216%;width:40px;\">\n\t\t\t<p class=\"g-pstyle2\">3.5</p>\n\t\t</div>\n\t\t<div id=\"g-ai1-16\" class=\"g-GFX g-aiAbs g-aiPointText\" style=\"top:53.6174%;margin-top:-6.9px;left:1.9216%;width:40px;\">\n\t\t\t<p class=\"g-pstyle2\">3.0</p>\n\t\t</div>\n\t\t<div id=\"g-ai1-17\" class=\"g-GFX g-aiAbs g-aiPointText\" style=\"top:62.7131%;margin-top:-24.5px;left:52.2874%;width:165px;\">\n\t\t\t<p class=\"g-pstyle3\">Where investors think</p>\n\t\t\t<p class=\"g-pstyle3\">rates will fall according</p>\n\t\t\t<p class=\"g-pstyle3\">to CME FedWatch.</p>\n\t\t</div>\n\t\t<div id=\"g-ai1-18\" class=\"g-GFX g-aiAbs g-aiPointText\" style=\"top:60.7981%;margin-top:-6.9px;left:1.9216%;width:40px;\">\n\t\t\t<p class=\"g-pstyle2\">2.5</p>\n\t\t</div>\n\t\t<div id=\"g-ai1-19\" class=\"g-GFX g-aiAbs g-aiPointText\" style=\"top:67.7543%;margin-top:-6.9px;left:1.9216%;width:40px;\">\n\t\t\t<p class=\"g-pstyle2\">2.0</p>\n\t\t</div>\n\t\t<div id=\"g-ai1-20\" class=\"g-GFX g-aiAbs g-aiPointText\" style=\"top:71.0157%;margin-top:-14.5px;left:29.0938%;width:86px;\">\n\t\t\t<p class=\"g-pstyle4\">Fed</p>\n\t\t\t<p class=\"g-pstyle4\">projection</p>\n\t\t</div>\n\t\t<div id=\"g-ai1-21\" class=\"g-GFX g-aiAbs g-aiPointText\" style=\"top:74.935%;margin-top:-6.9px;left:1.9216%;width:40px;\">\n\t\t\t<p class=\"g-pstyle2\">1.5</p>\n\t\t</div>\n\t\t<div id=\"g-ai1-22\" class=\"g-GFX g-aiAbs g-aiPointText\" style=\"top:81.8912%;margin-top:-6.9px;left:1.9216%;width:40px;\">\n\t\t\t<p class=\"g-pstyle2\">1.0</p>\n\t\t</div>\n\t\t<div id=\"g-ai1-23\" class=\"g-GFX g-aiAbs g-aiPointText\" style=\"top:88.8475%;margin-top:-6.9px;left:1.9216%;width:40px;\">\n\t\t\t<p class=\"g-pstyle2\">0.5</p>\n\t\t</div>\n\t\t<div id=\"g-ai1-24\" class=\"g-GFX g-aiAbs g-aiPointText\" style=\"top:96.0281%;margin-top:-6.9px;left:3.7956%;width:30px;\">\n\t\t\t<p class=\"g-pstyle2\">0</p>\n\t\t</div>\n\t\t<div id=\"g-ai1-25\" class=\"g-GFX g-aiAbs g-aiPointText\" style=\"top:99.0066%;margin-top:-10.2px;left:56.5762%;width:51px;\">\n\t\t\t<p class=\"g-pstyle5\">2024</p>\n\t\t</div>\n\t\t<div id=\"g-ai1-26\" class=\"g-GFX g-aiAbs g-aiPointText\" style=\"top:99.0066%;margin-top:-10.2px;left:89.3753%;width:51px;\">\n\t\t\t<p class=\"g-pstyle5\">2025</p>\n\t\t</div>\n\t\t<div id=\"g-ai1-27\" class=\"g-GFX g-aiAbs g-aiPointText\" style=\"top:99.0066%;margin-top:-10.2px;left:22.5719%;margin-left:-25.5px;width:51px;\">\n\t\t\t<p class=\"g-pstyle6\">2023</p>\n\t\t</div>\n\t</div>","rawAttributes":{"id":"g-fed_2025_projections-_300px","class":"g-artboard","style":"width:300px; height:445.642274009979px;","data-aspect-ratio":"0.673","data-min-width":"300","data-max-width":"354"},"backgroundImage":"fed_2025_projections-_300px.jpg"}],"headline":"<tspan class=\"g-pstyle0\">Headline</tspan><br>","description":"<tspan>Dek—Lorem ipsum dolor sit amet, consectetur adipiscing elit, tempor</tspan><br>","note":"","source":"<tspan class=\"g-pstyle2\">Source: Bloomberg</tspan><br>","tagline":"","title":"<tspan class=\"g-pstyle1\">Chart title</tspan><br>","filename":"fed_2025_projections","nameSpace":"g-","styles":"<style media=\"screen,print\">\n\t#g-fed_2025_projections-box ,\n\t#g-fed_2025_projections-box .g-artboard {\n\t\tmargin:0 auto;\n\t}\n\t#g-fed_2025_projections-box p {\n\t\tmargin:0;\n\t}\n\t#g-fed_2025_projections-box .g-aiAbs {\n\t\tposition:absolute;\n\t}\n\t#g-fed_2025_projections-box .g-aiImg {\n\t\tposition:absolute;\n\t\ttop:0;\n\t\tdisplay:block;\n\t\twidth:100% !important;\n\t}\n\t#g-fed_2025_projections-box .g-aiSymbol {\n\t\tposition: absolute;\n\t\tbox-sizing: border-box;\n\t}\n\t#g-fed_2025_projections-box .g-aiPointText p { white-space: nowrap; }\n\t#g-fed_2025_projections-box tspan {\n\t\tposition:relative;\n\t\toverflow:hidden;\n\t}\n\t#g-fed_2025_projections-box tspan p {\n\t\tfont-weight:500;\n\t\tline-height:20px;\n\t\topacity:1;\n\t\tletter-spacing:0em;\n\t\tfont-size:15px;\n\t\ttext-align:left;\n\t\tcolor:rgb(51,51,51);\n\t\ttext-transform:none;\n\t\tpadding-bottom:0;\n\t\tpadding-top:0;\n\t\tmix-blend-mode:normal;\n\t\tfont-style:normal;\n\t\theight:auto;\n\t\tposition:static;\n\t}\n\t#g-fed_2025_projections-box tspan .g-pstyle0 {\n\t\tfont-size:18px;\n\t}\n\t#g-fed_2025_projections-box tspan .g-pstyle1 {\n\t\tfont-weight:700;\n\t\tcolor:rgb(118,118,118);\n\t}\n\t#g-fed_2025_projections-box tspan .g-pstyle2 {\n\t\tline-height:17px;\n\t\tfont-size:13px;\n\t\tcolor:rgb(114,114,114);\n\t}\n\t#g-fed_2025_projections-_300px {\n\t\tposition:relative;\n\t\toverflow:hidden;\n\t}\n\t#g-fed_2025_projections-_300px p {\n\t\tfont-weight:500;\n\t\tline-height:16px;\n\t\theight:auto;\n\t\topacity:1;\n\t\tletter-spacing:0em;\n\t\tfont-size:14px;\n\t\ttext-align:left;\n\t\tcolor:rgb(0,0,0);\n\t\ttext-transform:none;\n\t\tpadding-bottom:0;\n\t\tpadding-top:0;\n\t\tmix-blend-mode:normal;\n\t\tfont-style:normal;\n\t\tposition:static;\n\t}\n\t#g-fed_2025_projections-_300px .g-pstyle0 {\n\t\tline-height:12px;\n\t\theight:12px;\n\t\tfont-size:13px;\n\t\ttext-align:center;\n\t}\n\t#g-fed_2025_projections-_300px .g-pstyle1 {\n\t\tline-height:12px;\n\t\theight:12px;\n\t\tfont-size:13px;\n\t}\n\t#g-fed_2025_projections-_300px .g-pstyle2 {\n\t\tline-height:13px;\n\t\theight:13px;\n\t\tfont-size:13px;\n\t}\n\t#g-fed_2025_projections-_300px .g-pstyle3 {\n\t\theight:16px;\n\t}\n\t#g-fed_2025_projections-_300px .g-pstyle4 {\n\t\tline-height:14px;\n\t\theight:14px;\n\t}\n\t#g-fed_2025_projections-_300px .g-pstyle5 {\n\t\tfont-weight:700;\n\t\theight:16px;\n\t\tfont-size:13px;\n\t}\n\t#g-fed_2025_projections-_300px .g-pstyle6 {\n\t\tfont-weight:700;\n\t\theight:16px;\n\t\tfont-size:13px;\n\t\ttext-align:center;\n\t}\n\t#g-fed_2025_projections-_355px {\n\t\tposition:relative;\n\t\toverflow:hidden;\n\t}\n\t#g-fed_2025_projections-_355px p {\n\t\tfont-weight:500;\n\t\tline-height:16px;\n\t\theight:auto;\n\t\topacity:1;\n\t\tletter-spacing:0em;\n\t\tfont-size:14px;\n\t\ttext-align:left;\n\t\tcolor:rgb(0,0,0);\n\t\ttext-transform:none;\n\t\tpadding-bottom:0;\n\t\tpadding-top:0;\n\t\tmix-blend-mode:normal;\n\t\tfont-style:normal;\n\t\tposition:static;\n\t}\n\t#g-fed_2025_projections-_355px .g-pstyle0 {\n\t\tline-height:14px;\n\t\theight:14px;\n\t\ttext-align:center;\n\t}\n\t#g-fed_2025_projections-_355px .g-pstyle1 {\n\t\tline-height:14px;\n\t\theight:14px;\n\t}\n\t#g-fed_2025_projections-_355px .g-pstyle2 {\n\t\theight:16px;\n\t}\n\t#g-fed_2025_projections-_355px .g-pstyle3 {\n\t\tfont-weight:700;\n\t\tline-height:17px;\n\t\theight:17px;\n\t\ttext-align:center;\n\t}\n\t#g-fed_2025_projections-_355px .g-pstyle4 {\n\t\tfont-weight:700;\n\t\tline-height:17px;\n\t\theight:17px;\n\t}\n\t#g-fed_2025_projections-_620px {\n\t\tposition:relative;\n\t\toverflow:hidden;\n\t}\n\t#g-fed_2025_projections-_620px p {\n\t\tfont-weight:500;\n\t\tline-height:18px;\n\t\theight:auto;\n\t\topacity:1;\n\t\tletter-spacing:0em;\n\t\tfont-size:16px;\n\t\ttext-align:left;\n\t\tcolor:rgb(0,0,0);\n\t\ttext-transform:none;\n\t\tpadding-bottom:0;\n\t\tpadding-top:0;\n\t\tmix-blend-mode:normal;\n\t\tfont-style:normal;\n\t\tposition:static;\n\t}\n\t#g-fed_2025_projections-_620px .g-pstyle0 {\n\t\tfont-weight:700;\n\t\tline-height:14px;\n\t\theight:14px;\n\t\tfont-size:14px;\n\t\ttext-align:center;\n\t}\n\t#g-fed_2025_projections-_620px .g-pstyle1 {\n\t\tline-height:14px;\n\t\theight:14px;\n\t\tfont-size:14px;\n\t\ttext-align:center;\n\t}\n\t#g-fed_2025_projections-_620px .g-pstyle2 {\n\t\tfont-weight:700;\n\t\tline-height:14px;\n\t\theight:14px;\n\t\tfont-size:14px;\n\t}\n\t#g-fed_2025_projections-_620px .g-pstyle3 {\n\t\tline-height:14px;\n\t\theight:14px;\n\t\tfont-size:14px;\n\t}\n\t#g-fed_2025_projections-_620px .g-pstyle4 {\n\t\theight:18px;\n\t}\n\t#g-fed_2025_projections-_620px .g-pstyle5 {\n\t\tfont-weight:700;\n\t\tline-height:21px;\n\t\theight:21px;\n\t\tfont-size:17px;\n\t\ttext-align:center;\n\t}\n\t#g-fed_2025_projections-_620px .g-pstyle6 {\n\t\tfont-weight:700;\n\t\tline-height:21px;\n\t\theight:21px;\n\t\tfont-size:17px;\n\t}\n\t#g-fed_2025_projections-_800px {\n\t\tposition:relative;\n\t\toverflow:hidden;\n\t}\n\t#g-fed_2025_projections-_800px p {\n\t\tfont-weight:500;\n\t\tline-height:18px;\n\t\theight:auto;\n\t\topacity:1;\n\t\tletter-spacing:0em;\n\t\tfont-size:16px;\n\t\ttext-align:left;\n\t\tcolor:rgb(0,0,0);\n\t\ttext-transform:none;\n\t\tpadding-bottom:0;\n\t\tpadding-top:0;\n\t\tmix-blend-mode:normal;\n\t\tfont-style:normal;\n\t\tposition:static;\n\t}\n\t#g-fed_2025_projections-_800px .g-pstyle0 {\n\t\tfont-weight:700;\n\t\tline-height:15px;\n\t\theight:15px;\n\t\tfont-size:15px;\n\t\ttext-align:center;\n\t}\n\t#g-fed_2025_projections-_800px .g-pstyle1 {\n\t\tline-height:15px;\n\t\theight:15px;\n\t\tfont-size:15px;\n\t\ttext-align:center;\n\t}\n\t#g-fed_2025_projections-_800px .g-pstyle2 {\n\t\tfont-weight:700;\n\t\tline-height:15px;\n\t\theight:15px;\n\t\tfont-size:15px;\n\t}\n\t#g-fed_2025_projections-_800px .g-pstyle3 {\n\t\tline-height:15px;\n\t\theight:15px;\n\t\tfont-size:15px;\n\t}\n\t#g-fed_2025_projections-_800px .g-pstyle4 {\n\t\theight:18px;\n\t}\n\n\t/* Custom CSS */\n\t.g-shadow-text {\ntext-shadow: 2px 2px #FFFFFF;\n}\n\n</style>","date":"06/12/2025","includeMediaQuery":true}},"template":{"template":"<script>if(!window.loadCSS) { function loadCSS(e,t,n){function d(){for(var t,a=0;a<i.length;a++)i[a].href&&i[a].href.indexOf(e.trim().substr(-8))>-1&&(t=!0);t?o.media=n||\"all\":setTimeout(d)}var o=window.document.createElement(\"link\"),a=t||window.document.getElementsByTagName(\"meta\")[0],i=window.document.styleSheets;return o.rel=\"stylesheet\",o.href=e.trim(),o.media=\"only x\",a.parentNode.appendChild(o,a),d(),o}window.loadCSS=loadCSS; }</script>\n<style type=\"text/css\" media=\"screen,print\">\n  #{{nameSpace}}{{filename}}-box.ai2html_export {\n    max-width: {{maxWidth}}px;\n    width:100%;\n    margin: 0 auto;\n  }\n  .{{nameSpace}}aiImg {\n    margin-top: -1.2px;\n  }\n  .{{nameSpace}}_valign {\n    margin-top: -2px;\n  }\n  \n  div[class^=\"{{nameSpace}}_textoutline-white\"] { text-shadow: -1px -1px 0 #fff, 1px -1px 0 #fff, -1px 1px 0 #fff, 1px 1px 0 #fff; }\n  div[class^=\"{{nameSpace}}_textshadow-white\"] { text-shadow: 1px 1px 2px #fff; }\n  div[class^=\"{{nameSpace}}_textoutline-black\"] { text-shadow: -1px -1px 0 #000, 1px -1px 0 #000, -1px 1px 0 #000, 1px 1px 0 #000; }\n  div[class^=\"{{nameSpace}}_textshadow-black\"] { text-shadow: 1px 1px 2px #000; }\n\n  div[class^=\"{{nameSpace}}_textoutline-grey\"] { text-shadow: -1px -1px 0 #dddddd, 1px -1px 0 #dddddd, -1px 1px 0 #dddddd, 1px 1px 0 #dddddd; }\n  div[class^=\"{{nameSpace}}_textshadow-grey\"] { text-shadow: 1px 1px 2px #dddddd; }\n\n  {{#includeMediaQuery}} \n   @media all and (max-width: 585px) {\n      .at4units .ai2html_export {\n        max-width: 355px !important;\n      }\n\n    }\n     @media all and (min-width: 586px) and (max-width: 665px){\n      .at4units #{{nameSpace}}{{filename}}-box.ai2html_export {\n        max-width: 540px !important;\n      }\n    }\n    \n    .at8units #wsj-article-wrap .inline .ai2html_export,\n    .at8units #wsj-article-wrap .offset .ai2html_export,\n    .at8units #wsj-article-wrap .bleed .ai2html_export {\n      margin: 0 auto;\n      max-width: 620px;\n    }\n  {{/includeMediaQuery}}\n\n </style>\n\n{{#styles}}\n  {{{styles}}}\n{{/styles}}\n<link rel=\"stylesheet\" type=\"text/css\" href=\"//asset.wsj.net/wsjnewsgraphics/ai2html/ai2html-responsive-barrons.min.css\" />\n\n<div id=\"{{nameSpace}}{{filename}}-box\" class=\"ai2html_export\" data-version=\"{{version}}\" data-date=\"{{date}}\" data-uuid=\"{{uuid}}\" data-min-width=\"{{minWidth}}\">\n  {{#headline}}\n    <h3 class=\"djai2html-headline\">{{{headline}}}</h3>\n  {{/headline}}\n\n  {{#description}}\n    <h4 class=\"djai2html-leadin\">{{{description}}}</h4>\n  {{/description}}\n\n  {{#title}}\n    <h4 class=\"djai2html-title\">{{{title}}}</h4>\n  {{/title}}\n\n  {{#boards}}\n    {{#htmlBlock}}\n     {{{htmlBlock}}}\n    {{/htmlBlock}}\n  {{/boards}}\n  \n  <div class=\"djai2html-foot\">\n    {{#note}}<p class=\"djai2html-note\">{{{note}}}</p>{{/note}}\n    {{#source}}<p class=\"djai2html-source\">{{{source}}}</p>{{/source}}\n    {{#tagline}}<p class=\"djai2html-tagline\">{{{tagline}}}</p>{{/tagline}}\n  </div>\n</div>\n\n<script>\n\n  trackActionAi2html('render');\n\n  function trackActionAi2html(action) {\n    if (window && window.NREUM) {\n      var articleId = document.querySelector('meta[name=\"article.id\"]');\n      var metaType = document.querySelector('meta[name=\"article.type\"]');\n      var metaSection = document.querySelector('meta[name=\"article.section\"]');\n      var pageSource = document.querySelector('meta[name=\"page.content.source\"]');\n      var data = {\n        insetName: 'ai2html',\n        ai2htmlId: '{{{uuid}}}',\n        ai2htmlVersion: '{{version}}',\n        articleId: articleId ? articleId.getAttribute('content') : '',\n        articleType: metaType ? metaType.getAttribute('content') : '',\n        articleSection: metaType ? metaSection.getAttribute('content') : '',\n        pageSource: pageSource ? pageSource.getAttribute('content') : ''\n      };\n      window.NREUM.addPageAction(\n        'ai2html:' + action,\n        data\n      );\n    }\n  }\n</script>\n<script src=\"https://asset.wsj.net/wsjnewsgraphics/ai2html/ai2html.resizer.js\" type=\"text/javascript\"></script>\n<script src=\"//asset.wsj.net/wsjnewsgraphics/ai2html/ai2html.min.js\"></script>\n"}}}